Идентификатор DOI *,Количество авторов *,Фамилия *,Имя *,Количество аффилиаций *,Аффиляция *,Контрибьюция *,Дата публикации *,Наименование публикации *,Наименование издания *,Библиографическая ссылка *,Вид издания  *
10.7764/Horiz_Enferm.35.1.266-279,6,Polevoy,G.,1,Médico Moscow Polytechnic University,0.17,2024,AUTOLOGOUS GRAFTS FOR THE PREVENTION OF MUCOSAL DEFECTS IN MAXILLARY UNITARY IMPLANTS: A SYSTEMATIC REVIEW; [INJERTO AUTÓLOGO PARA LA PREVENCIÓN DE DEFECTOS MUCOSOS EN IMPLANTE UNITARIO MAXILAR. REVISIÓN SISTEMÁTICA],Horizonte de Enfermeria,"Carreño-Gutiérrez F., Becerra-Henríquez J., Klahn-Acuña B., Fuentes-Barría H., Aguilera-Eguía R., Polevoy G. AUTOLOGOUS GRAFTS FOR THE PREVENTION OF MUCOSAL DEFECTS IN MAXILLARY UNITARY IMPLANTS: A SYSTEMATIC REVIEW; [INJERTO AUTÓLOGO PARA LA PREVENCIÓN DE DEFECTOS MUCOSOS EN IMPLANTE UNITARIO MAXILAR. REVISIÓN SISTEMÁTICA] 2024 Horizonte de Enfermeria, 35 (1), Art. No. nan, pp. 266-279",Обзор
10.1134/S207511332401009X,3,Ter-Vaganyants,Y.S.,1,Moscow Polytechnic University (Moscow Polytech),0.33,2024,Study of the Plasticizer Effect on Technological Properties of Iron-Based Powder Materials Alloyed with Copper,Inorganic Materials: Applied Research,"Eremeeva Z.V., Ter-Vaganyants Y.S., Korznikov O.V. Study of the Plasticizer Effect on Technological Properties of Iron-Based Powder Materials Alloyed with Copper 2024 Inorganic Materials: Applied Research, 15 (1), Art. No. nan, pp. 178-182",Статья
10.3103/S1068798X24020114,2,"Knelts, Matisen","V.F., A.B.",1,"Kolomna Institute, Kolomna Institute",1.0,2024,Decreasing the Toxic Emissions of Medium-Speed Diesel Engines by Design Changes and Adjustments,Russian Engineering Research,"Knelts V.F., Matisen A.B. Decreasing the Toxic Emissions of Medium-Speed Diesel Engines by Design Changes and Adjustments 2024 Russian Engineering Research, 44 (2), Art. No. nan, pp. 174-176",Статья
10.32609/j.ruje.10.105745,4,Alhassan,T.F.,1,Moscow Polytechnic University,0.25,2024,The impact of foreign investment in financing sustainable development in Sub-Saharan African countries,Russian Journal of Economics,"Alhassan T.F., Ansah E.O., Niyazbekova S.U., Blokhina T.K. The impact of foreign investment in financing sustainable development in Sub-Saharan African countries 2024 Russian Journal of Economics, 10 (1), Art. No. nan, pp. 60-83",Статья
10.1002/app.55410,3,"Kondratov, Lozitskaya","A.P., A.V.",1,"Department of Incognitive Technologies, Department of Incognitive Technologies",0.67,2024,Production and properties of electrically conductive polymer composites reinforced with cotton threads,Journal of Applied Polymer Science,"Kondratov A.P., Lozitskaya A.V., Volinsky A.A. Production and properties of electrically conductive polymer composites reinforced with cotton threads 2024 Journal of Applied Polymer Science, 141 (21), Art. No. e55410, pp. nan-nan",Статья
10.1089/ast.2022.0117,7,Karlov,S.P.,1,Faculty of Mechanical Engineering,0.14,2024,Different Scenarios for the Origin and the Subsequent Succession of a Hypothetical Microbial Community in the Cloud Layer of Venus,Astrobiology,"Kotsyurbenko O.R., Kompanichenko V.N., Brouchkov A.V., Khrunyk Y.Y., Karlov S.P., Sorokin V.V., Skladnev D.A. Different Scenarios for the Origin and the Subsequent Succession of a Hypothetical Microbial Community in the Cloud Layer of Venus 2024 Astrobiology, 24 (4), Art. No. nan, pp. 423-441",Статья
10.1134/S004057792405009X,1,Skobelev,V.V.,1,Moscow Polytechnic University,1.0,2024,On the photon emission by a variable electromagnetic field,Theoretical and Mathematical Physics(Russian Federation),"Skobelev V.V. On the photon emission by a variable electromagnetic field 2024 Theoretical and Mathematical Physics(Russian Federation), 219 (2), Art. No. nan, pp. 806-822",Статья
10.1007/s10527-024-10350-x,3,"Arkhipov, Matrosova","M.V., V.V.",1,"Department of Automation and Control, Department of Automation and Control",0.67,2024,Control of a manipulation robot interacting with elastic objects using a software module for three-dimensional simulation of multibody mechanical systems,Biomedical Engineering,"Arkhipov M.V., Kocherevskaya L.B., Matrosova V.V. Control of a manipulation robot interacting with elastic objects using a software module for three-dimensional simulation of multibody mechanical systems 2024 Biomedical Engineering, 57 (6), Art. No. nan, pp. 428-433",Статья
10.3329/bjms.v23i2.72147,1,Polevoy,G.G.,1,Department of Physical Education,1.0,2024,The development of speed and speed-strength qualities in short-distance runners in complicated training conditions,Bangladesh Journal of Medical Science,"Polevoy G.G. The development of speed and speed-strength qualities in short-distance runners in complicated training conditions 2024 Bangladesh Journal of Medical Science, 23 (2), Art. No. nan, pp. 368-376",Статья
10.3390/polym16060774,5,Shchegolkov,A.V.,1,Center for Project Activities,0.2,2024,Properties of Organosilicon Elastomers Modified with Multilayer Carbon Nanotubes and Metallic (Cu or Ni) Microparticles,Polymers,"Shchegolkov A.V., Shchegolkov A.V., Zemtsova N.V., Vetcher A.A., Stanishevskiy Y.M. Properties of Organosilicon Elastomers Modified with Multilayer Carbon Nanotubes and Metallic (Cu or Ni) Microparticles 2024 Polymers, 16 (6), Art. No. 774, pp. nan-nan",Статья
10.28991/HEF-2024-05-02-08,10,Vatutina,L.,1,Department of Management,0.1,2024,"Sustainable Human Capital Management, ESG, and Firm Performance: Moderating Role of ESG Disclosure","Journal of Human, Earth, and Future","Jorgji S., Teta J., Mousa S., Ponkratov V., Elyakova I., Vatutina L., Pozdnyaev A., Chernysheva T., Romanenko E., Kosov M. Sustainable Human Capital Management, ESG, and Firm Performance: Moderating Role of ESG Disclosure 2024 Journal of Human, Earth, and Future, 5 (2), Art. No. nan, pp. 260-278",Статья
10.1007/s10008-024-05826-5,14,Milovich,F.O.,2,"Department of Materials Science of Semiconductors and Dielectrics, Department of Materials Science",0.04,2024,Comparative analysis of the structure and electrical properties of single crystal and ceramic (ZrO2)0.90(Sc2O3)0.09(Yb2O3)0.01 solid electrolyte,Journal of Solid State Electrochemistry,"Agarkov D.A., Agarkova E.A., Borik M.A., Buzaeva E.M., Korableva G.M., Kulebyakin A.V., Kuritsyna I.E., Kyashkin V.M., Lomonova E.E., Milovich F.O., Myzina V.A., Ryabochkina P.A., Tabachkova N.Y., Tapero M.K. Comparative analysis of the structure and electrical properties of single crystal and ceramic (ZrO2)0.90(Sc2O3)0.09(Yb2O3)0.01 solid electrolyte 2024 Journal of Solid State Electrochemistry, 28 (6), Art. No. nan, pp. 1963-1970",Статья
10.3390/inorganics12030076,10,Smirnov,A.D.,1,Center of Collective Usage “High-Tech Chemical Technologies,0.1,2024,Barium Titanate Synthesis in Water Vapor: From Mechanism to Ceramics Properties,Inorganics,"Kholodkova A.A., Ivakin Y.D., Danchevskaya M.N., Muravieva G.P., Egorov A.V., Smirnov A.D., Khrustalev A.N., Arbanas L.A., Bazarova V.E., Smirnov A.V. Barium Titanate Synthesis in Water Vapor: From Mechanism to Ceramics Properties 2024 Inorganics, 12 (3), Art. No. 76, pp. nan-nan",Статья
10.13187/bg.2024.2.726,4,"Kokorina, Vagabov, Khusnutdinova","Y.G., M.M., L.G.",1,"Moscow Polytechnic University, Moscow Polytechnic University, Moscow Polytechnic University",0.75,2024,D.I. Yavornitsky as an Archaeologist (Pre-Revolutionary Period of Activity); [Д.И. Яворницкий как археолог (дореволюционный период деятельности)],Bylye Gody,"Kokorina Y.G., Vagabov M.M., Khusnutdinova L.G., Abdullaev U.I. D.I. Yavornitsky as an Archaeologist (Pre-Revolutionary Period of Activity); [Д.И. Яворницкий как археолог (дореволюционный период деятельности)] 2024 Bylye Gody, 19 (2), Art. No. nan, pp. 726-737",Статья
10.3390/polym16060864,7,Zadorozhnyy,M.Y.,2,"Laboratory of Functional Polymer Materials, Center for Project Activities",0.07,2024,Surface Treatment Effect on the Mechanical and Thermal Behavior of the Glass Fabric Reinforced Polysulfone,Polymers,"Sherif G., Chukov D.I., Tcherdyntsev V.V., Stepashkin A.A., Zadorozhnyy M.Y., Shulga Y.M., Kabachkov E.N. Surface Treatment Effect on the Mechanical and Thermal Behavior of the Glass Fabric Reinforced Polysulfone 2024 Polymers, 16 (6), Art. No. 864, pp. nan-nan",Статья
10.3390/polym16101423,5,"Doronin, Savel’ev, Rytikov, Evdokimov, Nazarov","F., M., G., A., V.",1,"Faculty of Printing Industry, Faculty of Printing Industry, Faculty of Printing Industry, Faculty of Printing Industry, Faculty of Printing Industry",1.0,2024,A New Approach to Carbon Nanotube Filament Nanostructuring for Additive Manufacturing,Polymers,"Doronin F., Savel’ev M., Rytikov G., Evdokimov A., Nazarov V. A New Approach to Carbon Nanotube Filament Nanostructuring for Additive Manufacturing 2024 Polymers, 16 (10), Art. No. 1423, pp. nan-nan",Статья
10.1016/j.matchar.2024.113981,10,"Volodko, Yudin","S., S.",1,"Moscow Polytechnic University, Moscow Polytechnic University",0.2,2024,Hot deformation behavior of NiTiHf alloy under compression: Effect of deformation heating on flow softening,Materials Characterization,"Volodko S., Yudin S., Korotitskiy A., Markova G., Cheverikin V., Permyakova D., Poliakov M., Titov D., Moskovkikh D., Kasimtsev A. Hot deformation behavior of NiTiHf alloy under compression: Effect of deformation heating on flow softening 2024 Materials Characterization, 212 (nan), Art. No. 113981, pp. nan-nan",Статья
10.1007/s10008-023-05695-4,10,Milovich,F.O.,2,"Department of Materials Science of Semiconductors and Dielectrics, Department of Materials Science",0.05,2024,"Solid electrolytes based on zirconium dioxide partially stabilized with oxides of yttrium, gadolinium, and samarium",Journal of Solid State Electrochemistry,"Agarkov D.A., Borik M.A., Chislov A.S., Komarov B.E., Kulebyakin A.V., Kuritsyna I.E., Lomonova E.E., Milovich F.O., Myzina V.A., Tabachkova N.Y. Solid electrolytes based on zirconium dioxide partially stabilized with oxides of yttrium, gadolinium, and samarium 2024 Journal of Solid State Electrochemistry, 28 (6), Art. No. nan, pp. 1977-1985",Статья
10.3390/nano14090763,7,Shchegolkov,A.V.,1,Center for Project Activities,0.14,2024,Investigation of Field Emission Properties of Carbon Nanotube Arrays of Different Morphologies,Nanomaterials,"Chumak M.A., Shchegolkov A.V., Popov E.O., Filippov S.V., Kolosko A.G., Shchegolkov A.V., Babaev A.A. Investigation of Field Emission Properties of Carbon Nanotube Arrays of Different Morphologies 2024 Nanomaterials, 14 (9), Art. No. 763, pp. nan-nan",Статья
10.3390/app14051959,6,"Panokin, Averin, Kostin, Karlovskiy, Orelkina, Nalivaiko","N.V., A.V., I.A., A.V., D.I., A.Y.",1,"Center for Advanced Development of Autonomous Systems, Center for Advanced Development of Autonomous Systems, Center for Advanced Development of Autonomous Systems, Center for Advanced Development of Autonomous Systems, Center for Advanced Development of Autonomous Systems, Center for Advanced Development of Autonomous Systems",1.0,2024,"Method for Sparse Representation of Complex Data Based on Overcomplete Basis, l1 Norm, and Neural MFNN-like Network",Applied Sciences (Switzerland),"Panokin N.V., Averin A.V., Kostin I.A., Karlovskiy A.V., Orelkina D.I., Nalivaiko A.Y. Method for Sparse Representation of Complex Data Based on Overcomplete Basis, l1 Norm, and Neural MFNN-like Network 2024 Applied Sciences (Switzerland), 14 (5), Art. No. 1959, pp. nan-nan",Статья
10.1134/S2075113324020357,4,Dedov,A.V.,1,Moscow Polytechnic University,0.25,2024,Compressibility of Composite Materials Based on Fibrous Fillers of Various Compositions,Inorganic Materials: Applied Research,"Pereverzeva T.A., Efremova E.Y., Chernousova N.V., Dedov A.V. Compressibility of Composite Materials Based on Fibrous Fillers of Various Compositions 2024 Inorganic Materials: Applied Research, 15 (2), Art. No. nan, pp. 414-419",Статья
10.58727/jshr.102273,5,Polevoy,G.G.,1,Moscow Polytechnic University,0.2,2024,EFECTOS DEL ENTRENAMIENTO INTERVÁLICO DE ALTA INTENSIDAD SOBRE LA CAPACIDAD AERÓBICA Y VARIABILIDAD CARDIACA EN ESTUDIANTES UNIVERSITARIOS. ESTUDIO CUASIEXPERIMENTAL,Journal of Sport and Health Research,"Fuentes-Barría H., Aguilera-Eguía R., Polevoy G.G., Maureira-Sánchez J., Angarita-Dávila L. EFECTOS DEL ENTRENAMIENTO INTERVÁLICO DE ALTA INTENSIDAD SOBRE LA CAPACIDAD AERÓBICA Y VARIABILIDAD CARDIACA EN ESTUDIANTES UNIVERSITARIOS. ESTUDIO CUASIEXPERIMENTAL 2024 Journal of Sport and Health Research, 16 (2), Art. No. nan, pp. 239-248",Статья
10.1007/s10527-024-10345-8,5,Istomina,T.V.,3,"Department of SMART Technologies, Science Research Support Center, Department of Basic Radiotechnology",0.07,2024,Signal transformation in refractometric fiber-optic microsensors in life support systems,Biomedical Engineering,"Murashkina T.I., Badeeva E.A., Istomina T.V., Badeev V.A., Aksenov A.M. Signal transformation in refractometric fiber-optic microsensors in life support systems 2024 Biomedical Engineering, 57 (6), Art. No. nan, pp. 405-409",Статья
10.3390/s24113535,4,Gasiyarov,V.R.,1,Department of Automation and Control,0.25,2024,Hybrid Vibration Sensor for Equipment Monitoring and Diagnostics,Sensors,"Bryakin I.V., Bochkarev I.V., Khramshin V.R., Gasiyarov V.R. Hybrid Vibration Sensor for Equipment Monitoring and Diagnostics 2024 Sensors, 24 (11), Art. No. 3535, pp. nan-nan",Статья
10.1088/1361-651X/ad56a6,4,Koshmin,A.N.,2,"Department of Metal Forming, Moscow Polytechnic University",0.12,2024,Simulation of taper heating and variable pressing rate to improve extrusion performance for high-strength aluminum alloys,Modelling and Simulation in Materials Science and Engineering,"Danilin V.N., Aleshchenko A.S., Danilin A.V., Koshmin A.N. Simulation of taper heating and variable pressing rate to improve extrusion performance for high-strength aluminum alloys 2024 Modelling and Simulation in Materials Science and Engineering, 32 (6), Art. No. 065006, pp. nan-nan",Статья
10.1007/s10008-023-05546-2,12,Milovich,F.O.,2,"Department of Materials Science, Department of Materials Science of Semiconductors and Dielectrics",0.04,2024,Effect of ceria on the properties of yttria-stabilized zirconia-based electrolytic membranes,Journal of Solid State Electrochemistry,"Agarkov D.A., Borik M.A., Korableva G.M., Kulebyakin A.V., Komarov B.E., Kuritsyna I.E., Lomonova E.E., Milovich F.O., Myzina V.A., Pankratov V.A., Tabachkova N.Y., Zakharov D.M. Effect of ceria on the properties of yttria-stabilized zirconia-based electrolytic membranes 2024 Journal of Solid State Electrochemistry, 28 (6), Art. No. nan, pp. 1901-1908",Статья
10.1016/j.matlet.2024.135952,1,Golovin,I.S.,2,"National University of Science and Technology‘MISIS’ Moscow, Moscow Polytechnic University",0.5,2024,DMA study of recrystallization kinetic in non-ferrous alloys,Materials Letters,"Golovin I.S. DMA study of recrystallization kinetic in non-ferrous alloys 2024 Materials Letters, 360 (nan), Art. No. 135952, pp. nan-nan",Статья
10.1134/S2075113324020175,2,Ter-Vaganyants,Y.S.,1,Moscow Polytechnic University (Moscow Polytech),0.5,2024,Study of the Influence of Organic and Modifying Additives on the Technological Properties of G13 Powder Steel,Inorganic Materials: Applied Research,"Eremeeva Z.V., Ter-Vaganyants Y.S. Study of the Influence of Organic and Modifying Additives on the Technological Properties of G13 Powder Steel 2024 Inorganic Materials: Applied Research, 15 (2), Art. No. nan, pp. 539-544",Статья
10.1016/j.polymertesting.2024.108376,4,"Doronin, Rudakova, Rytikov, Nazarov","F., A., G., V.",1,"Faculty of Printing Industry, Faculty of Printing Industry, Faculty of Printing Industry, Faculty of Printing Industry",1.0,2024,A novel determination of the melt flow index of composite filaments used in extrusion additive manufacturing,Polymer Testing,"Doronin F., Rudakova A., Rytikov G., Nazarov V. A novel determination of the melt flow index of composite filaments used in extrusion additive manufacturing 2024 Polymer Testing, 133 (nan), Art. No. 108376, pp. nan-nan",Статья
10.1134/S2075113324020059,4,,,1,Moscow,0.0,2024,Effect of Irradiation with 132Xe27+ Ions at Different Angles on the Critical Parameters of Second-Generation HTSC Tapes Based on GdBa2Cu3O7–x,Inorganic Materials: Applied Research,"Antonova L.K., Moscow Polytechnic University, Semina V.K., Troitskii A.V. Effect of Irradiation with 132Xe27+ Ions at Different Angles on the Critical Parameters of Second-Generation HTSC Tapes Based on GdBa2Cu3O7–x 2024 Inorganic Materials: Applied Research, 15 (2), Art. No. nan, pp. 314-318",Статья
10.18280/ijsse.140309,6,Orlova,E.,1,Printing Art Systems Department,0.17,2024,Bank Financial Risk Assessment in the Digital Background,International Journal of Safety and Security Engineering,"Petrina O., Stadolin M., Kozhina V., Kurtynov I., Nikolskaya E., Orlova E. Bank Financial Risk Assessment in the Digital Background 2024 International Journal of Safety and Security Engineering, 14 (3), Art. No. nan, pp. 765-771",Статья
10.18721/JPM.17109,9,,,0,,0.0,2024,AN ANALYSIS OF THE ASGARDARCHAEA Cas1_3 PROTEIN: EXPERIMENTAL CHARACTERIZATION OF A POTENTIAL INTERMEDIATE IN THE EVOLUTION OF CRISPR-Cas SYSTEMS; [АНАЛИЗ БЕЛКА Cas1_3 АСГАРДАРХЕЙ: ЭКСПЕРИМЕНТАЛЬНАЯ ХАРАКТЕРИСТИКА ПОТЕНЦИАЛЬНОГО ПРОМЕЖУТОЧНОГО ЗВЕНА В ЭВОЛЮЦИИ СИСТЕМ CRISPR-Cas],St. Petersburg State Polytechnical University Journal: Physics and Mathematics,"Abramova M.V., Malykh A.S., Gatieva I.M., Kazalov M.A., Selkova P.A., Yakimov A.P., Vasileva A.А., Arseniev A.N., Khodorkovskii M.A. AN ANALYSIS OF THE ASGARDARCHAEA Cas1_3 PROTEIN: EXPERIMENTAL CHARACTERIZATION OF A POTENTIAL INTERMEDIATE IN THE EVOLUTION OF CRISPR-Cas SYSTEMS; [АНАЛИЗ БЕЛКА Cas1_3 АСГАРДАРХЕЙ: ЭКСПЕРИМЕНТАЛЬНАЯ ХАРАКТЕРИСТИКА ПОТЕНЦИАЛЬНОГО ПРОМЕЖУТОЧНОГО ЗВЕНА В ЭВОЛЮЦИИ СИСТЕМ CRISPR-Cas] 2024 St. Petersburg State Polytechnical University Journal: Physics and Mathematics, 17 (1), Art. No. nan, pp. 81-92",Статья
10.3390/en17071630,6,"Maklakov, Radionov","A.S., A.A.",1,"Department of Automation and Control, Department of Automation and Control",0.33,2024,Comprehensive Structural Reliability Assessment When Choosing Switchgear Circuits for 35–220 kV Step-Up Substations,Energies,"Varganova A.V., Irikhov A.S., Utesheva A.A., Khramshin V.R., Maklakov A.S., Radionov A.A. Comprehensive Structural Reliability Assessment When Choosing Switchgear Circuits for 35–220 kV Step-Up Substations 2024 Energies, 17 (7), Art. No. 1630, pp. nan-nan",Статья
10.1063/5.0190351,11,Kolesov,D.,2,"National Medical Research Center for Obstetrics, Moscow Polytechnic University",0.05,2024,Microfluidic-nanophotonic sensor for on-chip analysis of complex refractive index,Applied Physics Letters,"Kuzin A., Panda K., Chernyshev V., Florya I., Kovalyuk V., An P., Golikov A., Chulkova G., Kolesov D., Gorin D., Goltsman G. Microfluidic-nanophotonic sensor for on-chip analysis of complex refractive index 2024 Applied Physics Letters, 124 (6), Art. No. 063701, pp. nan-nan",Статья
10.47197/retos.v55.104093,1,Polevoy,G.,1,Moscow Polytechnic University,1.0,2024,Sensitive periods for the development of endurance of schoolchildren; [Períodos sensitivos para el desarrollo de la resistencia de los escolares],Retos,"Polevoy G. Sensitive periods for the development of endurance of schoolchildren; [Períodos sensitivos para el desarrollo de la resistencia de los escolares] 2024 Retos, 55 (nan), Art. No. nan, pp. 672-678",Статья
10.1016/j.ceramint.2023.12.070,6,"Nikolaev, Skvortsov, Lukyanov, Dmitrevsky","V.K., A.A., M.N., A.A.",1,"Moscow Polytechnic University, Moscow Polytechnic University, Moscow Polytechnic University, Moscow Polytechnic University",0.67,2024,Relationship of dynamic and static modules of elasticity of ceramics based on diatomite,Ceramics International,"Nikolaev V.K., Skvortsov A.A., Lukyanov M.N., Skvortsov P.A., Gridasova E.A., Dmitrevsky A.A. Relationship of dynamic and static modules of elasticity of ceramics based on diatomite 2024 Ceramics International, 50 (5), Art. No. nan, pp. 7589-7596",Статья
10.3103/S1068335624600232,8,Selyukov,A.S.,4,"Bauman Moscow State Technical University, Lebedev Physical Institute, Moscow Polytechnic University, All-Russian Institute for Scientific and Technical Information (VINITI)",0.03,2024,Effect of Chlorine Introduction on Luminescent Properties of Novel Eu3+ Coordination Compounds with β-Diketones and Unsatured Carboxylic Acids,Bulletin of the Lebedev Physics Institute,"Osadchenko A.V., Daibagya D.S., Zakharchuk I.A., Selyukov A.S., Ambrozevich S.A., Ryzhov A.V., Pevtsov N.V., Pevtsov D.N. Effect of Chlorine Introduction on Luminescent Properties of Novel Eu3+ Coordination Compounds with β-Diketones and Unsatured Carboxylic Acids 2024 Bulletin of the Lebedev Physics Institute, 51 (4), Art. No. nan, pp. 135-139",Статья
10.3103/S0027132224700025,2,Samokhin,V.N.,1,Chair of Mathematics,0.5,2024,Nonclassical Problems of the Mathematical Theory of Hydrodynamic Boundary Layer,Moscow University Mathematics Bulletin,"Samokhin V.N., Chechkin G.A. Nonclassical Problems of the Mathematical Theory of Hydrodynamic Boundary Layer 2024 Moscow University Mathematics Bulletin, 79 (1), Art. No. nan, pp. 11-21",Статья
10.1016/j.ijhydene.2023.04.302,12,Zadorozhnyy,M.,2,"National University of Science and Technology “MISIS”, Moscow Polytechnic University",0.04,2024,Production of multi-principal-component alloys by pendent-drop melt extraction,International Journal of Hydrogen Energy,"Korol A., Zadorozhnyy V., Zadorozhnyy M., Bazlov A., Berdonosova E., Serov M., Stepashkin A., Zheleznyi M., Novikov A., Kaloshkin S., Klyamkin S., Savvotin I. Production of multi-principal-component alloys by pendent-drop melt extraction 2024 International Journal of Hydrogen Energy, 54 (nan), Art. No. nan, pp. 161-175",Статья
10.31341/jios.48.1.10,1,Pluzhnikova,N.N.,1,Moscow Polytechnic University,1.0,2024,Digitalization of Education and Information Technologies as a Factor of Digital Economic Development,Journal of Information and Organizational Sciences,"Pluzhnikova N.N. Digitalization of Education and Information Technologies as a Factor of Digital Economic Development 2024 Journal of Information and Organizational Sciences, 48 (1), Art. No. nan, pp. 183-190",Статья
10.1016/j.jallcom.2024.175038,10,"Yudin, Volodko, Yakushko","S., S., E.",1,"Moscow Polytechnic University, Moscow Polytechnic University, Moscow Polytechnic University",0.3,2024,Hydrogenation features of TiZrHfNbTa high-entropy alloy produced by calcium-hydride synthesis,Journal of Alloys and Compounds,"Yudin S., Volodko S., Savvotin I., Berdonosova E., Klyamkin S., Bindyug D., Zaitsev A., Yakushko E., Moskovskikh D., Zadorozhnyy V. Hydrogenation features of TiZrHfNbTa high-entropy alloy produced by calcium-hydride synthesis 2024 Journal of Alloys and Compounds, 999 (nan), Art. No. 175038, pp. nan-nan",Статья
10.1088/1402-4896/ad3c79,5,"Kondratov, Yamilinets","A.P., S.Y.",1,"Moscow Polytechnic University, Moscow Polytechnic University",0.4,2024,Thermodynamics of solvent sorption by layers of carbon-chain polymers in damping rubber blankets,Physica Scripta,"Konyukhov V.Y., Kondratov A.P., Yamilinets S.Y., Marchenko E.S., Baigonakova G.A. Thermodynamics of solvent sorption by layers of carbon-chain polymers in damping rubber blankets 2024 Physica Scripta, 99 (5), Art. No. 055968, pp. nan-nan",Статья
10.3103/S1068798X24700242,2,Varshavsky,A.A.,1,Kolomna Institute,0.5,2024,Balancing Drive for a Diesel Engine with Improved Maintenance and Regulation,Russian Engineering Research,"Varshavsky A.A., Astapov V.S. Balancing Drive for a Diesel Engine with Improved Maintenance and Regulation 2024 Russian Engineering Research, 44 (3), Art. No. nan, pp. 307-311",Статья
10.13187/bg.2024.2.658,3,"Kokorina, Vagabov","Y.G., M.M.",1,"Moscow Polytechnic University, Moscow Polytechnic University",0.67,2024,Creative Laboratory of the Historian: I.E. Zabelin as a Bibliophile (based on the Archival Materials); [Творческая лаборатория историка: И.Е. Забелин как библиофил (на основе архивных материалов)],Bylye Gody,"Kokorina Y.G., Vagabov M.M., Jumaniyozova M.T. Creative Laboratory of the Historian: I.E. Zabelin as a Bibliophile (based on the Archival Materials); [Творческая лаборатория историка: И.Е. Забелин как библиофил (на основе архивных материалов)] 2024 Bylye Gody, 19 (2), Art. No. nan, pp. 658-669",Статья
10.3390/geosciences14040102,9,Klyuev,R.V.,1,Technique and Technology of Mining and Oil and Gas Production Department,0.11,2024,Radon Emanation and Dynamic Processes in Highly Dispersive Media,Geosciences (Switzerland),"Zaalishvili V.B., Melkov D.A., Martyushev N.V., Klyuev R.V., Kukartsev V.V., Konyukhov V.Y., Kononenko R.V., Gendon A.L., Oparina T.A. Radon Emanation and Dynamic Processes in Highly Dispersive Media 2024 Geosciences (Switzerland), 14 (4), Art. No. 102, pp. nan-nan",Статья
10.13187/bg.2024.1.302,1,Aminov,I.I.,1,Moscow Polytechnic University,1.0,2024,Political and Humanistic Role of Guljamal Khan during and after the Annexation of Merv to Russia; [Политико-гуманистическая роль Гюльджамал-хан во время и после присоединения Мерва к России],Bylye Gody,"Aminov I.I. Political and Humanistic Role of Guljamal Khan during and after the Annexation of Merv to Russia; [Политико-гуманистическая роль Гюльджамал-хан во время и после присоединения Мерва к России] 2024 Bylye Gody, 19 (1), Art. No. nan, pp. 302-311",Статья
10.3390/polym16060860,5,Zadorozhnyy,M.Y.,2,"Laboratory of Functional Polymer Materials, Center for Project Activities",0.1,2024,Influence of Interfacial Interaction and Composition on Fracture Toughness and Impact Properties of Carbon Fiber-Reinforced Polyethersulfone,Polymers,"Torokhov V.G., Chukov D.I., Tcherdyntsev V.V., Stepashkin A.A., Zadorozhnyy M.Y. Influence of Interfacial Interaction and Composition on Fracture Toughness and Impact Properties of Carbon Fiber-Reinforced Polyethersulfone 2024 Polymers, 16 (6), Art. No. 860, pp. nan-nan",Статья
10.3390/polym16101424,6,"Nazarov, Dedov, Doronin, Savel’ev, Evdokimov, Rytikov","V., A., F., M., A., G.",1,"Faculty of Printing Industry, Faculty of Printing Industry, Faculty of Printing Industry, Faculty of Printing Industry, Faculty of Printing Industry, Faculty of Printing Industry",1.0,2024,The Air Permeability and the Porosity of Polymer Materials Based on 3D-Printed Hybrid Non-Woven Needle-Punched Fabrics,Polymers,"Nazarov V., Dedov A., Doronin F., Savel’ev M., Evdokimov A., Rytikov G. The Air Permeability and the Porosity of Polymer Materials Based on 3D-Printed Hybrid Non-Woven Needle-Punched Fabrics 2024 Polymers, 16 (10), Art. No. 1424, pp. nan-nan",Статья
10.1002/app.55148,9,Skopincev,I.,1,Department of Processes and Devices in Chemical Technology,0.11,2024,Effect of irradiation modification above melting point on the wear resistance of polytetrafluoroethylene,Journal of Applied Polymer Science,"Bekbolatovich S.A., Wang X., Zheng X., Zhou S., Huang Y., Xu H., Skopincev I., Wu D., Gao X. Effect of irradiation modification above melting point on the wear resistance of polytetrafluoroethylene 2024 Journal of Applied Polymer Science, 141 (13), Art. No. e55148, pp. nan-nan",Статья
10.1016/j.jallcom.2024.174777,6,Golovin,I.S.,2,"National University of Science and Technology MISIS, Moscow Polytechnic University",0.08,2024,Anelasticity of Mg-Mn and Mg-Gd alloys,Journal of Alloys and Compounds,"Golovin I.S., Palacheva V.V., Cifre J., Li C.C., Qiao X.G., Zheng M.Y. Anelasticity of Mg-Mn and Mg-Gd alloys 2024 Journal of Alloys and Compounds, 995 (nan), Art. No. 174777, pp. nan-nan",Статья
10.1016/j.jallcom.2024.174695,5,Akopyan,T.K.,2,"Moscow Polytechnic University, National University of Science and Technology MISIS",0.1,2024,New quaternary eutectic Al-Cu-Ca-Si system for designing precipitation hardening alloys,Journal of Alloys and Compounds,"Akopyan T.K., Belov N.A., Letyagin N.V., Sviridova T.A., Cherkasov S.O. New quaternary eutectic Al-Cu-Ca-Si system for designing precipitation hardening alloys 2024 Journal of Alloys and Compounds, 993 (nan), Art. No. 174695, pp. nan-nan",Статья
10.25018/0236_1493_2024_5_0_144,5,Klyuev,R.V.,1,Moscow Polytechnic University,0.2,2024,Analysis of geological information toward sustainable performance of geotechnical systems; [АНАЛИЗ ГЕОЛОГИЧЕСКОЙ ИНФОРМАЦИИ ДЛЯ ОБЕСПЕЧЕНИЯ УСТОЙЧИВОГО ФУНКЦИОНИРОВАНИЯ ГОРНОТЕХНИЧЕСКИХ СИСТЕМ],Mining Informational and Analytical Bulletin,"Klyuev R.V., Martyushev N.V., Kukartsev V.V., Kukartsev V.A., Brigida V. Analysis of geological information toward sustainable performance of geotechnical systems; [АНАЛИЗ ГЕОЛОГИЧЕСКОЙ ИНФОРМАЦИИ ДЛЯ ОБЕСПЕЧЕНИЯ УСТОЙЧИВОГО ФУНКЦИОНИРОВАНИЯ ГОРНОТЕХНИЧЕСКИХ СИСТЕМ] 2024 Mining Informational and Analytical Bulletin, nan (5), Art. No. nan, pp. 144-157",Статья
10.17816/0321-4443-627164,3,"Valeev, Dementiev","A.G., A.A.",1,"Moscow Polytechnic University, Moscow Polytechnic University",0.67,2024,The individual tubular low-toxic combustion chamber,Tractors and Agricultural Machinery,"Kostyukov A.V., Valeev A.G., Dementiev A.A. The individual tubular low-toxic combustion chamber 2024 Tractors and Agricultural Machinery, 91 (1), Art. No. nan, pp. 13-22",Статья
10.21177/1998-4502-2024-16-1-273-282,4,"Eremeeva, Sharipzyanova","Z.V., G.Kh.",2,"National Research Technological University “MISIS”, Moscow Polytechnic University, Moscow Polytechnic University",0.38,2024,"Consolidation of mechanically processed sprayed powder of high-speed steel 10P6M5 by methods of cold, hot and dynamic hot pressing; [Консолидация механически обработанного распыленного порошка быстрорежущей стали 10Р6М5 методами холодного прессования, горячего и динамического горячего прессования]",Sustainable Development of Mountain Territories,"Galachieva S.V., Zasypkin M.A., Eremeeva Z.V., Sharipzyanova G.Kh. Consolidation of mechanically processed sprayed powder of high-speed steel 10P6M5 by methods of cold, hot and dynamic hot pressing; [Консолидация механически обработанного распыленного порошка быстрорежущей стали 10Р6М5 методами холодного прессования, горячего и динамического горячего прессования] 2024 Sustainable Development of Mountain Territories, 16 (1), Art. No. nan, pp. 273-282",Статья
10.47197/retos.v55.106261,3,Polevoy,G.,1,Moscow Polytechnic University,0.33,2024,Effects of 52 weeks of a physical exercise program on the speed and muscle strength of Russian basketball players aged 12 to 13 years. Randomized Controlled Trial; [Efectos de 52 semanas de un programa de ejercicio físico sobre la velocidad y fuerza muscular de jugadores rusos de baloncesto de entre 12 a 13 años. Ensayo Controlado Aleatorizado],Retos,"Polevoy G., Fuentes-Barría H., Aguilera-Eguía R. Effects of 52 weeks of a physical exercise program on the speed and muscle strength of Russian basketball players aged 12 to 13 years. Randomized Controlled Trial; [Efectos de 52 semanas de un programa de ejercicio físico sobre la velocidad y fuerza muscular de jugadores rusos de baloncesto de entre 12 a 13 años. Ensayo Controlado Aleatorizado] 2024 Retos, 55 (nan), Art. No. nan, pp. 908-914",Статья
10.47197/retos.v57.105912,1,Polevoy,G.,1,Moscow Polytechnic University,1.0,2024,Comprehensive development of physical qualities of football players in the preparatory period; [Desarrollo integral de las cualidades físicas de los futbolistas en el período preparatorio],Retos,"Polevoy G. Comprehensive development of physical qualities of football players in the preparatory period; [Desarrollo integral de las cualidades físicas de los futbolistas en el período preparatorio] 2024 Retos, 57 (nan), Art. No. nan, pp. 172-178",Статья
10.1007/s11015-024-01681-x,6,Fomin,A.V.,1,Moscow Polytechnic University,0.17,2024,Effect of screw piercing on the structure and mechanical properties of a continuously cast blank made of wheel steel,Metallurgist,"Romanenko V.P., Fomin A.V., Sevastianov A.A., Filippov G.A., Livanova O.V., Ilyukhin D.S. Effect of screw piercing on the structure and mechanical properties of a continuously cast blank made of wheel steel 2024 Metallurgist, nan (nan), Art. No. nan, pp. nan-nan",Статья
10.24000/0409-2961-2024-4-51-55,2,Podobaev,A.N.,1,Moscow Polytechnic University,0.5,2024,Resistance to Pitting Corrosion as a Safety Criterion of Operation of Metal Equipment,Bezopasnost' Truda v Promyshlennosti,"Reformatskaya I.I., Podobaev A.N. Resistance to Pitting Corrosion as a Safety Criterion of Operation of Metal Equipment 2024 Bezopasnost' Truda v Promyshlennosti, 2024 (4), Art. No. nan, pp. 51-55",Статья
10.1557/s43580-024-00877-2,2,"Garcia, Petrovich","Balderas, Kondratov",1,"Moscow Polytechnic University, Moscow Polytechnic University",1.0,2024,Influence of reactant properties in deposition of silicon oxycarbide thin films by hot filament chemical vapor deposition,MRS Advances,"Garcia Balderas I.E., Petrovich Kondratov A. Influence of reactant properties in deposition of silicon oxycarbide thin films by hot filament chemical vapor deposition 2024 MRS Advances, nan (nan), Art. No. nan, pp. nan-nan",Статья
10.21177/1998-4502-2024-16-1-368-378,1,Golik,V.I.,1,Moscow Polytechnic University,1.0,2024,Phased combined development of gold ore deposits; [Поэтапная комбинированная разработка золоторудных месторождений],Sustainable Development of Mountain Territories,"Golik V.I. Phased combined development of gold ore deposits; [Поэтапная комбинированная разработка золоторудных месторождений] 2024 Sustainable Development of Mountain Territories, 16 (1), Art. No. nan, pp. 368-378",Статья
10.1007/s11015-024-01706-5,4,Davydenko,L.V.,1,Moscow Polytechnic University,0.25,2024,Statistical investigation of mechanical properties of VT6 alloy bars with globular-lamellar structure,Metallurgist,"Egorova Y.B., Skvortsova S.V., Davydenko L.V., Gvozdeva O.N. Statistical investigation of mechanical properties of VT6 alloy bars with globular-lamellar structure 2024 Metallurgist, nan (nan), Art. No. nan, pp. nan-nan",Статья
10.54770/20729286_2024_1_64,1,van,Haaske,1,Moscow Polytechnic University,1.0,2024,The “File on Extraordinary Phenomena...”: The “Supernatural” in Pre-Revolutionary Russia (1900 – 1901); [«Дело о необычайных явлениях…»: «Cверхъестественное» в предреволюционной России (1900 – 1901 годы)],Novyj Istoriceskij Vestnik,"van Haaske L.A. The “File on Extraordinary Phenomena...”: The “Supernatural” in Pre-Revolutionary Russia (1900 – 1901); [«Дело о необычайных явлениях…»: «Cверхъестественное» в предреволюционной России (1900 – 1901 годы)] 2024 Novyj Istoriceskij Vestnik, 79 (1), Art. No. nan, pp. 64-84",Статья
10.3103/S1068798X24010106,2,Cherepakhin,A.A.,1,Moscow Polytechnic University,0.5,2024,Features of the Choice of Knurl Material for Cold Calibration of Cylindrical Mid-Module Gear Wheels,Russian Engineering Research,"Cherepakhin A.A., Lyalyakin V.P. Features of the Choice of Knurl Material for Cold Calibration of Cylindrical Mid-Module Gear Wheels 2024 Russian Engineering Research, 44 (1), Art. No. nan, pp. 74-77",Статья
10.18799/24131830/2024/3/4297,3,Golik,V.I.,2,"North-Caucasian Mining and Metallurgical Institute (State Technological University), Moscow Polytechnic University",0.17,2024,Prospect of developing a hydrogenic deposit Semizbay; [Перспектива разработки гидрогенного месторождения Семизбай],"Bulletin of the Tomsk Polytechnic University, Geo Assets Engineering","Golik V.I., Razorenov Y.I., Mizik M.F. Prospect of developing a hydrogenic deposit Semizbay; [Перспектива разработки гидрогенного месторождения Семизбай] 2024 Bulletin of the Tomsk Polytechnic University, Geo Assets Engineering, 335 (3), Art. No. nan, pp. 81-91",Статья
10.1007/s11015-024-01725-2,4,"Shatalov, Zagoskin","R.L., E.E.",1,"Moscow Polytechnic University, Moscow Polytechnic University",0.5,2024,Computer-aided and experimental study of temperature effect on the quality indicators of piercing mandrels when rolling steel 50 vessels on a screw-rolling mill 30–80. part 1,Metallurgist,"Shatalov R.L., Zagoskin E.E., Medvedev V.A., Eldeeb I.S. Computer-aided and experimental study of temperature effect on the quality indicators of piercing mandrels when rolling steel 50 vessels on a screw-rolling mill 30–80. part 1 2024 Metallurgist, nan (nan), Art. No. nan, pp. nan-nan",Статья
10.1007/s11015-024-01677-7,3,Shatalov,R.L.,1,Moscow Polytechnic University,0.33,2024,Development of rational conditions for cold rolling of AD33 alloy tapes on an industrial 175 × 300 mill using the results of computer simulation,Metallurgist,"Shatalov R.L., Pham V.H., Tran V.Q. Development of rational conditions for cold rolling of AD33 alloy tapes on an industrial 175 × 300 mill using the results of computer simulation 2024 Metallurgist, nan (nan), Art. No. nan, pp. nan-nan",Статья
10.28991/CEJ-2024-010-02-015,7,Komarova,L.,1,Moscow Polytechnic University,0.14,2024,Development of a Method for Increasing the Fire Resistance of Cast-iron Structures of Cultural Heritage Sites under Reconstruction,Civil Engineering Journal (Iran),"Puzach S., Liubov L., Кamchatova E., Nosova L., Degtyareva V., Tarasova V., Komarova L. Development of a Method for Increasing the Fire Resistance of Cast-iron Structures of Cultural Heritage Sites under Reconstruction 2024 Civil Engineering Journal (Iran), 10 (2), Art. No. nan, pp. 555-570",Статья
10.17816/0321-4443-569208,1,Klimov,A.V.,2,"KAMAZ Innovation Center, Moscow Polytechnic University",0.5,2024,Study of methods of energy efficiency improvement considering operation modes of traction electric drive with use of the methods of virtual mathematical modelling,Tractors and Agricultural Machinery,"Klimov A.V. Study of methods of energy efficiency improvement considering operation modes of traction electric drive with use of the methods of virtual mathematical modelling 2024 Tractors and Agricultural Machinery, 91 (1), Art. No. nan, pp. 65-73",Статья
10.47197/retos.v55.105055,3,Polevoy,G.,1,Moscow Polytechnic University,0.33,2024,Effects of 32 weeks of a muscular strength physical training program on the physical condition of Russian children aged 14 to 16 years: Randomized Controlled Trial; [Efectos de 32 semanas de un programa de entrenamiento físico de fuerza muscular sobre la condición física de niños rusos de entre 14 a 16 años: Ensayo Controlado Aleatorizado],Retos,"Polevoy G., Fuentes-Barría H., Aguilera-Eguía R. Effects of 32 weeks of a muscular strength physical training program on the physical condition of Russian children aged 14 to 16 years: Randomized Controlled Trial; [Efectos de 32 semanas de un programa de entrenamiento físico de fuerza muscular sobre la condición física de niños rusos de entre 14 a 16 años: Ensayo Controlado Aleatorizado] 2024 Retos, 55 (nan), Art. No. nan, pp. 1038-1044",Статья
10.1007/s11837-023-06244-0,5,Akopyan,T.K.,2,"Moscow Polytechnic University, National University of Science and Technology MISIS",0.1,2024,New Generation Wrought Al-Ca-Mg Natural Composite Alloys as an Alternative to the 5000 Series Alloys,JOM,"Akopyan T.K., Belov N.A., Letyagin N.V., Fortuna A.S., Nguen X.D. New Generation Wrought Al-Ca-Mg Natural Composite Alloys as an Alternative to the 5000 Series Alloys 2024 JOM, 76 (2), Art. No. nan, pp. 785-795",Статья
,4,"Gilev, Semenova","G.A., M.A.",2,"Moscow Pedagogical State University, Moscow Polytechnic University, Moscow Polytechnic University",0.38,2024,INTERACTION OF SPEED AND STRENGTH ABILITIES OF JUDOISTS IN INCREASING SPEED-STRENGTH ACTIONS,Teoriya i Praktika Fizicheskoy Kultury,"Gilev G.A., Ivankov C.T., Zino H., Semenova M.A. INTERACTION OF SPEED AND STRENGTH ABILITIES OF JUDOISTS IN INCREASING SPEED-STRENGTH ACTIONS 2024 Teoriya i Praktika Fizicheskoy Kultury, 2024 (3), Art. No. nan, pp. 25-27",Статья
10.1177/10775463241239381,6,"Evgeny, Vladimir, Alexey, Julia, Alexander","K., G., L., B., P.",2,"Laboratory of Composites Mechanics, Department of Computer Simulating in Mechanical Engineering, Department of Computer Simulating in Mechanical Engineering, Laboratory of Composites Mechanics, Department of Computer Simulating in Mechanical Engineering, Department of Computer Simulating in Mechanical Engineering, Department of Computer Simulating in Mechanical Engineering",0.67,2024,Parametric control of quasi-zero stiffness mechanisms for vibration isolation at near-zero frequencies,JVC/Journal of Vibration and Control,"Chang-Myung L., Evgeny K., Vladimir G., Alexey L., Julia B., Alexander P. Parametric control of quasi-zero stiffness mechanisms for vibration isolation at near-zero frequencies 2024 JVC/Journal of Vibration and Control, nan (nan), Art. No. nan, pp. nan-nan",Статья
10.17816/0321-4443-625989,5,"Kolunin, Kaminsky, Apelinsky","A.V., V.N., D.V.",1,"Moscow Polytechnic University, Moscow Polytechnic University, Moscow Polytechnic University",0.6,2024,Justification of usability of the heat accumulator of phase transition in vehicles’ engines pre-start warming-up procedure,Tractors and Agricultural Machinery,"Kolunin A.V., Kaminsky V.N., Apelinsky D.V., Lazarev E.S., Korytov M.S. Justification of usability of the heat accumulator of phase transition in vehicles’ engines pre-start warming-up procedure 2024 Tractors and Agricultural Machinery, 91 (1), Art. No. nan, pp. 55-64",Статья
10.17580/tsm.2024.04.11,3,Akopyan,T.K.,2,"Department of Metal Forming, Department of Materials Science",0.17,2024,ANALYSIS OF TEMPERATURE AND THE STRESS AND STRAIN STATE OF ALLOY 01570 USING A SIMULATION METHOD FOR RADIAL SHEAR ROLLING,Tsvetnye Metally,"Nguyen S.Z., Gamin Y.V., Akopyan T.K. ANALYSIS OF TEMPERATURE AND THE STRESS AND STRAIN STATE OF ALLOY 01570 USING A SIMULATION METHOD FOR RADIAL SHEAR ROLLING 2024 Tsvetnye Metally, 2024 (4), Art. No. nan, pp. 84-91",Статья
,3,"Kim, Korneev","T.K., E.V.",2,"Moscow Pedagogical State University, Moscow Polytechnic University, Moscow Polytechnic University",0.5,2024,CONCRETIZATION OF SEMANTIC CONSTRUCTS BY YOUNG ATHLETES AS A CONDITION FOR THE IMPLEMENTATION OF THE COACH’S FOCUS ON QUALITY TRAINING ACTIVITIES,Teoriya i Praktika Fizicheskoy Kultury,"Kim T.K., Kuzmenko G.A., Korneev E.V. CONCRETIZATION OF SEMANTIC CONSTRUCTS BY YOUNG ATHLETES AS A CONDITION FOR THE IMPLEMENTATION OF THE COACH’S FOCUS ON QUALITY TRAINING ACTIVITIES 2024 Teoriya i Praktika Fizicheskoy Kultury, 2024 (4), Art. No. nan, pp. 24-26",Статья
,5,"Pleshakov, Egorycheva, Rodin","A.A., E.V., A.V.",2,"Moscow Polytechnic University, Moscow Polytechnic University, Moscow Polytechnic University, Smolensk State University of Sports",0.5,2024,A MODEL FOR COMPLETING THE PLAYING LINKS OF THE WOMEN'S STUDENT TEAM IN MINI-FOOTBALL,Teoriya i Praktika Fizicheskoy Kultury,"Pleshakov A.A., Egorycheva E.V., Zhemchug Y.S., Sedov I.A., Rodin A.V. A MODEL FOR COMPLETING THE PLAYING LINKS OF THE WOMEN'S STUDENT TEAM IN MINI-FOOTBALL 2024 Teoriya i Praktika Fizicheskoy Kultury, 2024 (3), Art. No. nan, pp. 104-106",Статья
,4,Polevoy,G.G.,2,"Moscow Polytechnic University, Vyatka State University",0.12,2024,PSYCHOLOGICAL CHARACTERISTICS AND PSYCHOEMOTIONAL STATE OF PERSONS PRACTICING MOTOR MEDITATION,Teoriya i Praktika Fizicheskoy Kultury,"Shirokova E.A., Makeeva V.S., Sablin A.B., Polevoy G.G. PSYCHOLOGICAL CHARACTERISTICS AND PSYCHOEMOTIONAL STATE OF PERSONS PRACTICING MOTOR MEDITATION 2024 Teoriya i Praktika Fizicheskoy Kultury, 2024 (5), Art. No. nan, pp. 63-65",Статья
10.1109/TSUSC.2024.3380607,10,Shvetsov,A.V.,1,Department of Smart Technologies,0.1,2024,"Wireless Power Transfer Technologies, Applications, and Future Trends: A Review",IEEE Transactions on Sustainable Computing,"Alabsi A., Hawbani A., Wang X., Dubai A.A., Hu J., Aziz S.A., Kumar S., Zhao L., Shvetsov A.V., Alsamhi S.H. Wireless Power Transfer Technologies, Applications, and Future Trends: A Review 2024 IEEE Transactions on Sustainable Computing, nan (nan), Art. No. nan, pp. 1-18",Статья
10.21902/Revrima.v1i43.6722,6,Tretyak,E.,1,Moscow Polytechnic University,0.17,2024,LEGAL STATUS AND THE ISSUES OF LEGAL PERSONHOOD OF ARTIFICIAL INTELLIGENCE; [STATUS LEGAL E AS QUESTÕES DE PERSONALIDADE JURÍDICA DA INTELIGÊNCIA ARTIFICIAL],Relacoes Internacionais no Mundo Atual,"Akhmetshin E., Kirillova E., Abdullayev I., Fedorov A., Tretyak E., Kochetkov E. LEGAL STATUS AND THE ISSUES OF LEGAL PERSONHOOD OF ARTIFICIAL INTELLIGENCE; [STATUS LEGAL E AS QUESTÕES DE PERSONALIDADE JURÍDICA DA INTELIGÊNCIA ARTIFICIAL] 2024 Relacoes Internacionais no Mundo Atual, 1 (43), Art. No. e-6722, pp. 356-366",Статья
10.3390/resources13020033,7,"Golik, Voitovich","V.I., E.V.",2,"Department “Technique and Technology of Mining and Oil and Gas Production”, Department of Industrial and Civil Engineering",0.29,2024,Technogenic Reservoirs Resources of Mine Methane When Implementing the Circular Waste Management Concept,Resources,"Brigida V., Golik V.I., Voitovich E.V., Kukartsev V.V., Gozbenko V.E., Konyukhov V.Y., Oparina T.A. Technogenic Reservoirs Resources of Mine Methane When Implementing the Circular Waste Management Concept 2024 Resources, 13 (2), Art. No. 33, pp. nan-nan",Статья
10.31992/0869-3617-2024-33-3-141-161,2,Nikolskiy,V.S.,4,"HSE University, 11 Pokrovsky bulvar, Moscow State Polytechnic University, 38 B. Semenovskaya str.",0.12,2024,“Cultivating a Sense of Duty and Responsibility to Society”: the Specificity of the “Service-Learning” Approach in China; [«Воспитание чувства долга и ответственности перед обществом»: специфика подхода «Oбучение служением» в Китае],Vysshee Obrazovanie v Rossii,"Galkina A.D., Nikolskiy V.S. “Cultivating a Sense of Duty and Responsibility to Society”: the Specificity of the “Service-Learning” Approach in China; [«Воспитание чувства долга и ответственности перед обществом»: специфика подхода «Oбучение служением» в Китае] 2024 Vysshee Obrazovanie v Rossii, 33 (3), Art. No. nan, pp. 141-161",Статья
10.18796/0041-5790-2024-5-77-85,5,"Ignatyeva, Nayanov, Arzamasova","O.V., E.A., E.L.",1,"Moscow Polytechnic University, Moscow Polytechnic University, Moscow Polytechnic University",0.6,2024,Econometric assessment of the effectiveness of incentive regulation contracts to increase labor productivity at coal mining enterprises; [Эконометрическая оценка эффективности контрактов стимулирующего регулирования для повышения производительности труда на угледобывающих предприятиях],Ugol,"Ignatyeva O.V., Nayanov E.A., Arzamasova E.L., Mandrik N.V., Kuzmina T.I. Econometric assessment of the effectiveness of incentive regulation contracts to increase labor productivity at coal mining enterprises; [Эконометрическая оценка эффективности контрактов стимулирующего регулирования для повышения производительности труда на угледобывающих предприятиях] 2024 Ugol, nan (5), Art. No. nan, pp. 77-85",Статья
10.25018/0236_1493_2024_4_0_33,4,Golik,V.I.,2,"South Russian State Polytechnic University, Moscow Polytechnic University",0.12,2024,Combination of leaching technologies with conventional ore processing techniques; [КОМБИНИРОВАНИЕ ТЕХНОЛОГИЙ ВЫЩЕЛАЧИВАНИЯ С ТРАДИЦИОННЫМИ ТЕХНОЛОГИЯМИ ГОРНОГО ПЕРЕДЕЛА РУД],Mining Informational and Analytical Bulletin,"Valiev N.G.O., Razorenov Yu.I., Golik V.I., Lebzin M.S. Combination of leaching technologies with conventional ore processing techniques; [КОМБИНИРОВАНИЕ ТЕХНОЛОГИЙ ВЫЩЕЛАЧИВАНИЯ С ТРАДИЦИОННЫМИ ТЕХНОЛОГИЯМИ ГОРНОГО ПЕРЕДЕЛА РУД] 2024 Mining Informational and Analytical Bulletin, nan (4), Art. No. nan, pp. 33-43",Статья
10.1007/s11015-024-01695-5,3,"Sharipzyanova, Eremeeva","G.K., Z.V.",2,"Moscow Polytechnic University, Moscow Polytechnic University, National University of Science and Technology “MISIS”",0.5,2024,Study of the mechanical properties of dysprosium-titanate and dysprosium-hafnate nanopowders,Metallurgist,"Sharipzyanova G.K., Eremeeva Z.V., Karlina Y.I. Study of the mechanical properties of dysprosium-titanate and dysprosium-hafnate nanopowders 2024 Metallurgist, nan (nan), Art. No. nan, pp. nan-nan",Статья
10.1080/10652469.2024.2351396,1,Bezrodnykh,S.I.,1,Department of Mathematics,1.0,2024,Generalizations of the Jacobi identity to the case of the Lauricella function FD(N),Integral Transforms and Special Functions,"Bezrodnykh S.I. Generalizations of the Jacobi identity to the case of the Lauricella function FD(N) 2024 Integral Transforms and Special Functions, nan (nan), Art. No. nan, pp. nan-nan",Статья
10.47197/retos.v56.106243,1,Polevoy,G.,1,Moscow Polytechnic University,1.0,2024,Sensitive periods of flexibility development at school age; [Períodos sensibles de desarrollo de la flexibilidad en la edad escolar],Retos,"Polevoy G. Sensitive periods of flexibility development at school age; [Períodos sensibles de desarrollo de la flexibilidad en la edad escolar] 2024 Retos, 56 (nan), Art. No. nan, pp. 1066-1074",Статья
10.1007/s11015-024-01674-w,6,"Shulgin, Belelyubskiy","A.V., B.F.",1,"Moscow Polytechnic University, Moscow Polytechnic University",0.33,2024,Simulation of metal flow during upsetting of flat profiled billets,Metallurgist,"Solomonov K.N., Tishchuk L.I., Gorbatyuk S.M., Devyatiarova V.V., Shulgin A.V., Belelyubskiy B.F. Simulation of metal flow during upsetting of flat profiled billets 2024 Metallurgist, nan (nan), Art. No. nan, pp. nan-nan",Статья
10.1007/s11015-024-01685-7,3,Ter-Vaganyants,Y.S.,1,Moscow Polytechnic University Moscow Polytech,0.33,2024,Influence introducing various plasticizers into an initial charge on the structure and properties of iron-based powder materials alloyed with copper,Metallurgist,"Eremeeva J.V., Ter-Vaganyants Y.S., Korznikov O.V. Influence introducing various plasticizers into an initial charge on the structure and properties of iron-based powder materials alloyed with copper 2024 Metallurgist, nan (nan), Art. No. nan, pp. nan-nan",Статья
10.24000/0409-2961-2024-5-21-25,1,Golik,V.I.,1,Moscow Polytechnic University,1.0,2024,On the Peculiarities of Ventilation of Uranium Mines,Bezopasnost' Truda v Promyshlennosti,"Golik V.I. On the Peculiarities of Ventilation of Uranium Mines 2024 Bezopasnost' Truda v Promyshlennosti, 2024 (5), Art. No. nan, pp. 21-25",Статья
10.15593/perm.mech/2024.1.02,5,"Abashev, Bondar, Dikovitsky, Morozov, Larionova","D.R., V.S., P.O., S.V., O.E.",1,"Moscow Polytechnic University, Moscow Polytechnic University, Moscow Polytechnic University, Moscow Polytechnic University, Moscow Polytechnic University",1.0,2024,VISCOPLASTIC DEFORMATION OF GRANULAR NICKEL ALLOY AT HIGH TEMPERATURES,PNRPU Mechanics Bulletin,"Abashev D.R., Bondar V.S., Dikovitsky P.O., Morozov S.V., Larionova O.E. VISCOPLASTIC DEFORMATION OF GRANULAR NICKEL ALLOY AT HIGH TEMPERATURES 2024 PNRPU Mechanics Bulletin, 2024 (1), Art. No. nan, pp. 13-20",Статья
10.3103/S1068798X24010076,4,"Balovnev, Brovkina, Luk’yanov, Starikov","N.P., Y.I., A.S., A.I.",1,"Moscow Polytechnic University, Moscow Polytechnic University, Moscow Polytechnic University, Moscow Polytechnic University",1.0,2024,Adjustment Range of an Automatic V-Belt Variator,Russian Engineering Research,"Balovnev N.P., Brovkina Y.I., Luk’yanov A.S., Starikov A.I. Adjustment Range of an Automatic V-Belt Variator 2024 Russian Engineering Research, 44 (1), Art. No. nan, pp. 23-27",Статья
10.21177/1998-4502-2024-16-1-302-310,1,Klyuev,R.V.,1,Moscow Polytechnic University,1.0,2024,System analysis of calculation methods for power supply systems in quarry points; [Системный анализ методов расчета систем электроснабжения карьеров],Sustainable Development of Mountain Territories,"Klyuev R.V. System analysis of calculation methods for power supply systems in quarry points; [Системный анализ методов расчета систем электроснабжения карьеров] 2024 Sustainable Development of Mountain Territories, 16 (1), Art. No. nan, pp. 302-310",Статья
10.47197/RETOS.V54.104501,2,Polevoy,G.,1,Moscow Polytechnic University,0.5,2024,Effects of a motor coordination physical training program on the physical condition of Russian children aged 9 to 10 years. Randomized Controlled Trial; [Efectos de un programa de entrenamiento físico de coordinación motriz sobre la condición física de niños rusos de 9 a 10 años: Ensayo Controlado Aleatorizado],Retos,"Polevoy G., Fuentes-Barría H. Effects of a motor coordination physical training program on the physical condition of Russian children aged 9 to 10 years. Randomized Controlled Trial; [Efectos de un programa de entrenamiento físico de coordinación motriz sobre la condición física de niños rusos de 9 a 10 años: Ensayo Controlado Aleatorizado] 2024 Retos, 54 (nan), Art. No. nan, pp. 692-697",Статья
10.17537/2024.19.1,8,"Pervukhin, Doronin, Rudyak, Rytikov, Nazarov","D.V., F.A., Yu.V., G.O., V.G.",2,"Moscow Polytechnic University, Moscow Polytechnic University, Moscow Polytechnic University, Moscow Polytechnic University, Institute of Contemporary Art, Moscow Polytechnic University",0.56,2024,A Biomimetic Approach to the Creation of Polymer Materials with Improved Tribological Properties; [Биомиметический подход к созданию полимерных материалов с улучшенными трибологическими свойствами],Mathematical Biology and Bioinformatics,"Grigoriev A.A., Isaev E.A., Pervukhin D.V., Petrushin V.N., Doronin F.A., Rudyak Yu.V., Rytikov G.O., Nazarov V.G. A Biomimetic Approach to the Creation of Polymer Materials with Improved Tribological Properties; [Биомиметический подход к созданию полимерных материалов с улучшенными трибологическими свойствами] 2024 Mathematical Biology and Bioinformatics, 19 (1), Art. No. nan, pp. 1-14",Статья
10.21902/Revrima.v1i43.6669,6,Arzamasova,E.,1,Moscow Polytechnic University,0.17,2024,GLOBAL PERSPECTIVES ON VOLUNTEERISM IN EDUCATION: ENHANCING PROFESSIONAL DEVELOPMENT AND SOCIETAL IMPACT,Relacoes Internacionais no Mundo Atual,"Nurutdinova A., Kuznetsova N., Sadrieva A., Dontsov D., Arzamasova E., Koneeva E. GLOBAL PERSPECTIVES ON VOLUNTEERISM IN EDUCATION: ENHANCING PROFESSIONAL DEVELOPMENT AND SOCIETAL IMPACT 2024 Relacoes Internacionais no Mundo Atual, 1 (43), Art. No. nan, pp. 25-35",Статья
10.32326/1814-9146-2024-86-1-47-59,4,"Abashev, Bondar, Vorobyev, Sharova","D.R., V.S., I.A., V.I.",1,"Moscow Polytechnic University, Moscow Polytechnic University, Moscow Polytechnic University, Moscow Polytechnic University",1.0,2024,ELASTIC AND STRENGTH PARAMETERS DETERMINATION OF POLYMER COMPOSITE MATERIALS AND CYLINDRICAL SHELLS; [ОПРЕДЕЛЕНИЕ УПРУГИХ И ПРОЧНОСТНЫХ ПАРАМЕТРОВ ПОЛИМЕРНЫХ КОМПОЗИЦИОННЫХ МАТЕРИАЛОВ И ИЗГОТОВЛЕННЫХ ИЗ НИХ ЦИЛИНДРИЧЕСКИХ ОБОЛОЧЕК],Problems of Strength and Plasticity,"Abashev D.R., Bondar V.S., Vorobyev I.A., Sharova V.I. ELASTIC AND STRENGTH PARAMETERS DETERMINATION OF POLYMER COMPOSITE MATERIALS AND CYLINDRICAL SHELLS; [ОПРЕДЕЛЕНИЕ УПРУГИХ И ПРОЧНОСТНЫХ ПАРАМЕТРОВ ПОЛИМЕРНЫХ КОМПОЗИЦИОННЫХ МАТЕРИАЛОВ И ИЗГОТОВЛЕННЫХ ИЗ НИХ ЦИЛИНДРИЧЕСКИХ ОБОЛОЧЕК] 2024 Problems of Strength and Plasticity, 86 (1), Art. No. nan, pp. 47-59",Статья
10.24294/jipd.v8i5.3396,8,Biryukov,V.,1,Moscow Polytechnic University,0.12,2024,Conceptual platform and applied aspects of interaction between government and business agencies in the Republic of Kazakhstan,"Journal of Infrastructure, Policy and Development","Yessenali A., Azretbergenova G., Izatullayeva B., Baibosynova G., Zhetibayev Z., Myrzaliev B., Biryukov V., Shichiyakh R. Conceptual platform and applied aspects of interaction between government and business agencies in the Republic of Kazakhstan 2024 Journal of Infrastructure, Policy and Development, 8 (5), Art. No. 3396, pp. nan-nan",Статья
10.1007/s10556-024-01281-1,4,"Arkhangel’skii, Kazakova","V.Y., E.E.",2,"Moscow Polytechnic University, Applied Chemistry R & amp;D Institute JSC, Moscow Polytechnic University",0.38,2024,Effect of the pressing velocity of powdered materials on the product of the external friction and lateral pressure coefficients,Chemical and Petroleum Engineering,"Arkhangel’skii V.Y., Shestakov I.N., Shibanov S.V., Kazakova E.E. Effect of the pressing velocity of powdered materials on the product of the external friction and lateral pressure coefficients 2024 Chemical and Petroleum Engineering, nan (nan), Art. No. nan, pp. nan-nan",Статья
10.32014/2024.2518-170X.392,5,Klyuev,R.V.,1,Moscow Polytechnic University,0.2,2024,ANALYSIS OF THE QUALITY OF UNDERGROUND MINERAL WATERS OF TERRIGENOUS DEPOSITS OF THE HAUTERIV-BARREMIAN AQUIFER OF THE LOWER CRETACEOUS,"News of the National Academy of Sciences of the Republic of Kazakhstan, Series of Geology and Technical Sciences","Bosikov I.I., Klyuev R.V., Martyushev N.V., Modina M.A., Khekert E.V. ANALYSIS OF THE QUALITY OF UNDERGROUND MINERAL WATERS OF TERRIGENOUS DEPOSITS OF THE HAUTERIV-BARREMIAN AQUIFER OF THE LOWER CRETACEOUS 2024 News of the National Academy of Sciences of the Republic of Kazakhstan, Series of Geology and Technical Sciences, 2024 (2), Art. No. nan, pp. 36-47",Статья
10.18698/1812-3368-2024-1-118-132,6,Magzhanov,R.Kh.,1,Moscow Polytechnic University,0.17,2024,STUDYING THE DEPOSITION PARAMETERS EFFECT ON FORMATION OF THE VANADIUM(V) OXIDE NANOPARTICLES CATALYTICALLY ACTIVE LAYER ON THE CERAMIC MEMBRANES SURFACE; [ИССЛЕДОВАНИЕ ВЛИЯНИЯ ПАРАМЕТРОВ НАНЕСЕНИЯ НА ФОРМИРОВАНИЕ КАТАЛИТИЧЕСКИ АКТИВНОГО СЛОЯ ИЗ НАНОЧАСТИЦ ОКСИДА ВАНАДИЯ(V) НА ПОВЕРХНОСТИ КЕРАМИЧЕСКИХ МЕМБРАН],"Herald of the Bauman Moscow State Technical University, Series Natural Sciences","Yarovaya O.V., Averina Yu.M., Magzhanov R.Kh., Karetkin B.A., Panfilov V.I., Boldyrev V.S. STUDYING THE DEPOSITION PARAMETERS EFFECT ON FORMATION OF THE VANADIUM(V) OXIDE NANOPARTICLES CATALYTICALLY ACTIVE LAYER ON THE CERAMIC MEMBRANES SURFACE; [ИССЛЕДОВАНИЕ ВЛИЯНИЯ ПАРАМЕТРОВ НАНЕСЕНИЯ НА ФОРМИРОВАНИЕ КАТАЛИТИЧЕСКИ АКТИВНОГО СЛОЯ ИЗ НАНОЧАСТИЦ ОКСИДА ВАНАДИЯ(V) НА ПОВЕРХНОСТИ КЕРАМИЧЕСКИХ МЕМБРАН] 2024 Herald of the Bauman Moscow State Technical University, Series Natural Sciences, 112 (1), Art. No. nan, pp. 118-132",Статья
10.1007/s10556-024-01282-0,3,"Silin, Lagutkin, Baranova","A.M., M.G., E.Y.",1,"Moscow Polytechnic University, Moscow Polytechnic University, Moscow Polytechnic University",1.0,2024,Reduction of energy consumption for pumping heat carriers while ensuring the required amount of transferred heat in plate heat exchanger,Chemical and Petroleum Engineering,"Silin A.M., Lagutkin M.G., Baranova E.Y. Reduction of energy consumption for pumping heat carriers while ensuring the required amount of transferred heat in plate heat exchanger 2024 Chemical and Petroleum Engineering, nan (nan), Art. No. nan, pp. nan-nan",Статья
10.18796/0041-5790-2024-3-66-73,5,"Pronskaya, Fomicheva, Arzamasova, Kurennaya","O.N., L.M., E.L., V.V.",1,"Moscow Polytechnic University, Moscow Polytechnic University, Moscow Polytechnic University, Moscow Polytechnic University",0.8,2024,Assessment of the impact of automation of coal mining on employment and wages in Russian coal regions; [Оценка влияния автоматизации добычи угля на занятость и заработную плату в российских угольных регионах],Ugol,"Pronskaya O.N., Fomicheva L.M., Arzamasova E.L., Fomin O.S., Kurennaya V.V. Assessment of the impact of automation of coal mining on employment and wages in Russian coal regions; [Оценка влияния автоматизации добычи угля на занятость и заработную плату в российских угольных регионах] 2024 Ugol, nan (3), Art. No. nan, pp. 66-73",Статья
10.17580/chm.2024.04.08,4,"Sharipzyanova, Eremeeva","G.Kh., Z.V.",2,"Moscow Polytechnic University, Moscow Polytechnic University, National University of Science and Technology MISIS",0.38,2024,Modification of 110G13L steel with rare earth metal oxide powders,Chernye Metally,"Sharipzyanova G.Kh., Eremeeva Z.V., Valuev D.V., Bovkun A.S. Modification of 110G13L steel with rare earth metal oxide powders 2024 Chernye Metally, 2024 (4), Art. No. nan, pp. 67-71",Статья
10.1007/s12559-024-10271-7,6,Shvetsov,A.V.,2,"Department of Smart Technologies, Department of Operation of Road Transport and Car Service",0.08,2024,"Synergy of Human-Centered AI and Cyber-Physical-Social Systems for Enhanced Cognitive Situation Awareness: Applications, Challenges and Opportunities",Cognitive Computation,"Alsamhi S.H., Kumar S., Hawbani A., Shvetsov A.V., Zhao L., Guizani M. Synergy of Human-Centered AI and Cyber-Physical-Social Systems for Enhanced Cognitive Situation Awareness: Applications, Challenges and Opportunities 2024 Cognitive Computation, nan (nan), Art. No. nan, pp. nan-nan",Статья
10.18522/2073-6606-2024-22-1-137-150,4,Gorlova,O.,1,Moscow Polytechnic University,0.25,2024,Sustainable organizational development and human capital in the context of soft systems methodology; [Устойчивое организационное развитие и человеческий капитал в контексте методологии мягких систем],Terra Economicus,"Strielkowski W., Kuzmin E., Suvorova A., Gorlova O. Sustainable organizational development and human capital in the context of soft systems methodology; [Устойчивое организационное развитие и человеческий капитал в контексте методологии мягких систем] 2024 Terra Economicus, 22 (1), Art. No. nan, pp. 137-150",Статья
10.18287/2412-6179-CO-1327,5,Kudryashov,A.V.,2,"Sadovsky Institute of Geosphere Dynamics RAS, Moscow Polytechnic University",0.1,2024,Automatic 4-mirrors system for alignment of high-power laser radiation,Computer Optics,"Toporovsky V.V., Alexandrov A.G., Galaktionov I.V., Rukosuev A.L., Kudryashov A.V. Automatic 4-mirrors system for alignment of high-power laser radiation 2024 Computer Optics, 48 (1), Art. No. nan, pp. 86-92",Статья
10.14529/hsm240120,3,"Zhurin, Perminov","A.V., S.V.",1,"Department of Physical Education, Department of Physical Education",0.67,2024,TECHNIQUES FOR PHYSICAL REHABILITATION OF ATHLETES WITH MYOFASCIAL PAIN SYNDROME; [МЕТОДИКА ФИЗИЧЕСКОЙ РЕАБИЛИТАЦИИ СПОРТСМЕНОВ С МИОФАСЦИАЛЬНЫМ БОЛЕВЫМ СИНДРОМОМ],Human Sport Medicine,"Zhurin A.V., Perminov S.V., Nenashev A.I. TECHNIQUES FOR PHYSICAL REHABILITATION OF ATHLETES WITH MYOFASCIAL PAIN SYNDROME; [МЕТОДИКА ФИЗИЧЕСКОЙ РЕАБИЛИТАЦИИ СПОРТСМЕНОВ С МИОФАСЦИАЛЬНЫМ БОЛЕВЫМ СИНДРОМОМ] 2024 Human Sport Medicine, 24 (1), Art. No. nan, pp. 167-173",Статья
10.1007/s11015-024-01624-6,4,"Letyagin, Akopyan","N.V., T.",1,"Moscow Polytechnic University, Moscow Polytechnic University",0.5,2024,Plasma Electrolytic Oxidation of Aluminum-Calcium Binary Alloys in a Cast Condition,Metallurgist,"Letyagin N.V., Akopyan T., Sokorev A.A., Tsydenov A.G. Plasma Electrolytic Oxidation of Aluminum-Calcium Binary Alloys in a Cast Condition 2024 Metallurgist, 67 (9-10), Art. No. nan, pp. 1325-1333",Статья
10.46698/VNC.2024.82.22.011,2,Golik,V.I.,2,"Geophysical Institute, Moscow Polytechnic University",0.25,2024,Extraction of metals from low-grade raw materials and ore processing tailings with process activation by combining chemical and mechanical energy,Geologiya i Geofizika Yuga Rossii,"Golik V.I., Burdzieva O.G. Extraction of metals from low-grade raw materials and ore processing tailings with process activation by combining chemical and mechanical energy 2024 Geologiya i Geofizika Yuga Rossii, 14 (1), Art. No. nan, pp. 153-162",Статья
10.18796/0041-5790-2024-1-61-63,4,Levkin,Yu.M.,1,Moscow Polytechnic University,0.25,2024,FUZZY MODEL OF THE SHAPE DETERMINING OF A STABLE PILLAR IN COAL-BEARING ROCKS; [Нечеткая модель определения формы устойчивого целика в углевмещающих породах],Ugol,"Khalkechev R.K., Levkin Yu.M., Khalkechev K.V., Kuzmenko S.Yu. FUZZY MODEL OF THE SHAPE DETERMINING OF A STABLE PILLAR IN COAL-BEARING ROCKS; [Нечеткая модель определения формы устойчивого целика в углевмещающих породах] 2024 Ugol, nan (1), Art. No. nan, pp. 61-63",Статья
10.1007/s10692-024-10483-5,4,"Dedov, Nazarov","A.V., V.G.",1,"Moscow Polytechnic University, Moscow Polytechnic University",0.5,2024,Effect of Processing Regimes on Mechanical Properties of Material Based on a Three-Component Fiber Mixture,Fibre Chemistry,"Leshchenko T.A., Chernousova N.V., Dedov A.V., Nazarov V.G. Effect of Processing Regimes on Mechanical Properties of Material Based on a Three-Component Fiber Mixture 2024 Fibre Chemistry, 55 (5), Art. No. nan, pp. 318-322",Статья
10.1016/j.intermet.2023.108091,7,Golovin,I.S.,2,"National University of Science and Technology “MISIS”, Moscow Polytechnic University",0.07,2024,Stress-assisted atomic diffusion in NiTiHf shape memory alloys,Intermetallics,"Shuitcev A., Sun M., Fang Q.F., Golovin I.S., Li L., Zheng Y.F., Tong Y.X. Stress-assisted atomic diffusion in NiTiHf shape memory alloys 2024 Intermetallics, 164 (nan), Art. No. 108091, pp. nan-nan",Статья
,4,"Shcherbin, Posokhova, Tsagolova","D.V., T.V., N.G.",1,"Moscow Polytechnic University, Moscow Polytechnic University, Moscow Polytechnic University",0.75,2024,FORMATION OF INDEPENDENT SKILLS PHYSICAL TRAINING FOR UNIVERSITY STUDENTS,Teoriya i Praktika Fizicheskoy Kultury,"Tretyakov A.A., Shcherbin D.V., Posokhova T.V., Tsagolova N.G. FORMATION OF INDEPENDENT SKILLS PHYSICAL TRAINING FOR UNIVERSITY STUDENTS 2024 Teoriya i Praktika Fizicheskoy Kultury, 2024 (1), Art. No. nan, pp. 106-108",Статья
10.15828/2075-8545-2024-16-1-50-58,4,"Lushin, Pulyaev","K.I., I.S.",1,"Moscow Polytechnic University, Moscow Polytechnic University",0.5,2024,Circular economy in recycling concrete and reinforced concrete waste,Nanotechnologies in Construction,"Graneva A.V., Lushin K.I., Pulyaev I.S., Kudryavtseva V.D. Circular economy in recycling concrete and reinforced concrete waste 2024 Nanotechnologies in Construction, 16 (1), Art. No. nan, pp. 50-58",Статья
10.47197/retos.v54.104715,1,Polevoy,G.,1,Moscow Polytechnic University,1.0,2024,Development of motor skills of children aged 9-10 years with visual analyzer impairment Desarrollo de las habilidades motoras de niños de 9 a 10 años con deterioro del analizador visual,Retos,"Polevoy G. Development of motor skills of children aged 9-10 years with visual analyzer impairment Desarrollo de las habilidades motoras de niños de 9 a 10 años con deterioro del analizador visual 2024 Retos, 54 (nan), Art. No. nan, pp. 548-553",Статья
10.1016/j.jmmm.2023.171532,6,"Friha, Nikolaev, Skvortsov, Pshonkin","M., V.K., A.A., D.E.",1,"Moscow Polytechnic University, Moscow Polytechnic University, Moscow Polytechnic University, Moscow Polytechnic University",0.67,2024,The effect of magnetic fields on the mechanical properties of an aluminum alloy with iron-based inclusions,Journal of Magnetism and Magnetic Materials,"Friha M., Nikolaev V.K., Skvortsov A.A., Pshonkin D.E., Seif-Eddine F., Kuznetsova P.M. The effect of magnetic fields on the mechanical properties of an aluminum alloy with iron-based inclusions 2024 Journal of Magnetism and Magnetic Materials, 589 (nan), Art. No. 171532, pp. nan-nan",Статья
10.1007/s10556-024-01272-2,3,"Golovanov, Lagutkin, Sokolov","I.Y., M.G., A.S.",2,"Moscow Polytechnic University, Moscow Polytechnic University, MIREA – Russian Technological University, Moscow Polytechnic University, MIREA – Russian Technological University",0.67,2024,Effect of thickness of wall of polypropylene raschig rings and method of their manufacture on materials consumption of dumped mass-exchange packings,Chemical and Petroleum Engineering,"Golovanov I.Y., Lagutkin M.G., Sokolov A.S. Effect of thickness of wall of polypropylene raschig rings and method of their manufacture on materials consumption of dumped mass-exchange packings 2024 Chemical and Petroleum Engineering, nan (nan), Art. No. nan, pp. nan-nan",Статья
10.1007/s10692-024-10484-4,5,"Dedov, Komarova, Nazarov","A.V., L.Y., V.G.",1,"Moscow Polytechnic University, Moscow Polytechnic University, Moscow Polytechnic University",0.6,2024,Orientation of Fibers in Needle-Punched Nonwoven Fabrics,Fibre Chemistry,"Leshchenko T.A., Chernousova N.V., Dedov A.V., Komarova L.Y., Nazarov V.G. Orientation of Fibers in Needle-Punched Nonwoven Fabrics 2024 Fibre Chemistry, 55 (5), Art. No. nan, pp. 323-327",Статья
10.47197/RETOS.V51.100387,4,Polevoy,G.,1,Moscow Polytechnic University,0.25,2024,Reference values for 800-meter run test in Chilean athletes from 35 to 44 years: Cross-sectional study; [Valores de referencia para la prueba de carrera de 800 metros en atletas chilenos de 35 a 44 años: Estudio transversal],Retos,"Fuentes-Barría H., Aguilera-Eguia R., Garrido-Osorio V., Polevoy G. Reference values for 800-meter run test in Chilean athletes from 35 to 44 years: Cross-sectional study; [Valores de referencia para la prueba de carrera de 800 metros en atletas chilenos de 35 a 44 años: Estudio transversal] 2024 Retos, 51 (nan), Art. No. nan, pp. 808-812",Статья
10.5005/jp-journals-10006-2394,6,Georgiy,P.,1,Department of Physical Education,0.17,2024,Revolutionizing Women’s Health: Artificial Intelligence’s Impact on Obstetrics and Gynecology,Journal of South Asian Federation of Obstetrics and Gynaecology ,"Kannaiyan A., Bagchi S., Vijayan V., Georgiy P., Manickavasagam S., Kumar D.S. Revolutionizing Women’s Health: Artificial Intelligence’s Impact on Obstetrics and Gynecology 2024 Journal of South Asian Federation of Obstetrics and Gynaecology , 16 (2), Art. No. nan, pp. 161-168",Обзор
,3,Polevoy,G.G.,1,Moscow Polytechnic University,0.33,2024,TRAINING OF SPRINTERS IN NATURALLY AND ARTIFICIALLY DIFFICULT CONDITIONS OF SPORTS ACTIVITY,Teoriya i Praktika Fizicheskoy Kultury,"Polevoy G.G., Sablin A.B., Chernishev S.V. TRAINING OF SPRINTERS IN NATURALLY AND ARTIFICIALLY DIFFICULT CONDITIONS OF SPORTS ACTIVITY 2024 Teoriya i Praktika Fizicheskoy Kultury, 2024 (2), Art. No. nan, pp. 91-93",Статья
10.32744/pse.2024.1.22,4,Chvyakin,V.A.,1,Department of Advertising and Public Relations in Media Industry Moscow Polytechnic University,0.25,2024,Attitudes of students towards joint educational programs with students with disabilities; [Отношение обучающихся к совместным образовательным программам с обучающимися с ограниченными возможностями здоровья],Perspektivy Nauki i Obrazovania,"Ascheulov Yu.B., Kozilova L.V., Chvyakin V.A., Dolgova V.I. Attitudes of students towards joint educational programs with students with disabilities; [Отношение обучающихся к совместным образовательным программам с обучающимися с ограниченными возможностями здоровья] 2024 Perspektivy Nauki i Obrazovania, 67 (1), Art. No. nan, pp. 404-419",Статья
10.24224/2227-1295-2024-13-1-448-465,3,"Kokorina, Vagabov","Y.G., M.M.",1,"Department of Humanities, Department of Humanities",0.67,2024,"Stalingrad Battle in Mirror of Regional British Press (Western Post Newspape, 1942—1943)",Nauchnyi Dialog,"Öztürk M., Kokorina Y.G., Vagabov M.M. Stalingrad Battle in Mirror of Regional British Press (Western Post Newspape, 1942—1943) 2024 Nauchnyi Dialog, 13 (1), Art. No. nan, pp. 448-465",Статья
10.1007/s11015-024-01623-7,3,Ter-Vaganyants,Y.S.,1,Moscow Polytechnic University,0.33,2024,Process of Sintering Iron-Based Powder Materials Alloyed with Copper with Introduction of Various Plasticizers Into an Initial Charge,Metallurgist,"Eremeeva J.V., Ter-Vaganyants Y.S., Korznikov O.V. Process of Sintering Iron-Based Powder Materials Alloyed with Copper with Introduction of Various Plasticizers Into an Initial Charge 2024 Metallurgist, 67 (9-10), Art. No. nan, pp. 1315-1324",Статья
10.3390/min14010108,8,"Mishedchenko, Kuzina","A., A.V.",2,"Faculty of Urban Studies and Urban Economy, Department of Technique and Technology of Mining and Oil and Gas Production",0.25,2024,Studying Flotation of Gold Microdispersions with Carrier Minerals and Pulp Aeration with a Steam–Air Mixture,Minerals,"Evdokimov S.I., Golikov N.S., Pryalukhin A.F., Kondratiev V.V., Mishedchenko A., Kuzina A.V., Bryukhanova N.N., Karlina A.I. Studying Flotation of Gold Microdispersions with Carrier Minerals and Pulp Aeration with a Steam–Air Mixture 2024 Minerals, 14 (1), Art. No. 108, pp. nan-nan",Статья
10.1007/s11015-024-01640-6,6,"Letyagin, Akopyan","N.V., T.",1,"Moscow Polytechnic University, Moscow Polytechnic University",0.33,2024,Structure and Properties of Coatings Formed on Cast Al–Ca Alloys by Plasma Electrolytic Oxidation,Metallurgist,"Letyagin N.V., Akopyan T., Sokorev A.A., Tsydenov A.G., Musin A.F., Palkin P.A. Structure and Properties of Coatings Formed on Cast Al–Ca Alloys by Plasma Electrolytic Oxidation 2024 Metallurgist, 67 (9-10), Art. No. nan, pp. 1473-1481",Статья
10.1007/s11015-024-01622-8,6,Zadorozhnyi,M.Y.,2,"National Research Technological University MISIS, Moscow Polytechnic University",0.08,2024,Investigation of the Effect of Cerium on the Structure and Properties of Calcium-Containing Aluminum Alloys,Metallurgist,"Naumova E.A., Vasina M.A., Chernogorova O.P., Rogachev S.O., Zadorozhnyi M.Y., Bobrysheva A.O. Investigation of the Effect of Cerium on the Structure and Properties of Calcium-Containing Aluminum Alloys 2024 Metallurgist, 67 (9-10), Art. No. nan, pp. 1302-1314",Статья
10.15828/2075-8545-2024-16-1-22-31,5,"Dedov, Nazarov","A.V., V.G.",1,"Department of Innovative Materials of Print Media Industry, Department of Innovative Materials of Print Media Industry",0.4,2024,Construction heat and sound insulating composite materials with high tensile strength,Nanotechnologies in Construction,"Kozhevnikova O.V., Bokova E.S., Dedov A.V., Nazarov V.G., Ivanov L.A. Construction heat and sound insulating composite materials with high tensile strength 2024 Nanotechnologies in Construction, 16 (1), Art. No. nan, pp. 22-31",Статья
10.13189/saj.2024.120109,3,Polevoy,G.,1,Moscow Polytechnic University,0.33,2024,Development of Speed in Children Aged 11 to 12 Years Practicing Athletics-Quasi-experimental Non-randomized Study,International Journal of Human Movement and Sports Sciences,"Polevoy G., Fuentes Barría H., Aguilera Eguía R. Development of Speed in Children Aged 11 to 12 Years Practicing Athletics-Quasi-experimental Non-randomized Study 2024 International Journal of Human Movement and Sports Sciences, 12 (1), Art. No. nan, pp. 71-77",Статья
10.47197/retos.v54.103420,5,Polevoy,G.,1,Moscow Polytechnic University,0.2,2024,Reference values for the 5000-meter test in Chilean athletes aged 35 to 74 years: Cross-sectional study; [Valores de referencia para la prueba de 5000 metros en atletas chilenos de 35 a 74 años: Estudio transversal],Retos,"Fuentes-Barría H., Aguilera-Eguía R., Polevoy G., Maureira-Sánchez J., Garrido-Osorio V. Reference values for the 5000-meter test in Chilean athletes aged 35 to 74 years: Cross-sectional study; [Valores de referencia para la prueba de 5000 metros en atletas chilenos de 35 a 74 años: Estudio transversal] 2024 Retos, 54 (nan), Art. No. nan, pp. 771-776",Статья
10.17580/tsm.2024.01.08,3,Ovchinnikov,V.V.,1,Moscow Polytechnic University,0.33,2024,A COMBINATION OF PROPERTIES OF WELDED JOINTS MADE IN 1565chM ALUMINIUM ALLOY PLATES,Tsvetnye Metally,"Drits A.M., Ovchinnikov V.V., Polyakov D.A. A COMBINATION OF PROPERTIES OF WELDED JOINTS MADE IN 1565chM ALUMINIUM ALLOY PLATES 2024 Tsvetnye Metally, 2024 (1), Art. No. nan, pp. 57-64",Статья
10.3390/min14010088,8,Voitovich,E.V.,1,Department of Industrial and Civil Engineering,0.12,2024,Studying the Flotation of Gold-Bearing Ores Using Carrier Minerals,Minerals,"Evdokimov S.I., Golikov N.S., Zadkov D.A., Voitovich E.V., Kondratiev V.V., Petrovskiy A.A., Konyukhov V.Y., Gladkikh V.A. Studying the Flotation of Gold-Bearing Ores Using Carrier Minerals 2024 Minerals, 14 (1), Art. No. 88, pp. nan-nan",Статья
10.1007/s12289-023-01801-z,6,Koshmin,A.N.,1,Moscow Polytechnic University,0.17,2024,High-reduction radial shear rolling of aluminum alloy bars using custom-calibrated rolls,International Journal of Material Forming,"Gamin Y.V., Galkin S.P., Koshmin A.N., Mahmoud Alhaj Ali A., Nguyen X.D., ELDeeb I.S. High-reduction radial shear rolling of aluminum alloy bars using custom-calibrated rolls 2024 International Journal of Material Forming, 17 (1), Art. No. 5, pp. nan-nan",Статья
10.3329/bjms.v23i1.70757,1,Polevoy,G.G.,1,"Department of Physical Education, Department of Physical Education",0.5,2024,Development of physical qualities of athletes aged 9-11,Bangladesh Journal of Medical Science,"Polevoy G.G. Development of physical qualities of athletes aged 9-11 2024 Bangladesh Journal of Medical Science, 23 (1), Art. No. nan, pp. 246-253",Статья
10.18796/0041-5790-2024-2-39-46,5,"Fomicheva, Pronskaya, Arzamasova, Kurennaya","L.M., O.N., E.L., V.V.",1,"Moscow Polytechnic University, Moscow Polytechnic University, Moscow Polytechnic University, Moscow Polytechnic University",0.8,2024,MODELING OF SUPPLY AND DEMAND IN THE LABOR MARKET IN COAL SINGLE-INDUSTRY TOWNS OF RUSSIA BASED ON THE THEORY OF EQUILIBRIUM; [Моделирование спроса и предложения на рынке труда в угольных моногородах России на основе теории равновесия],Ugol,"Fomicheva L.M., Pronskaya O.N., Arzamasova E.L., Fomin O.S., Kurennaya V.V. MODELING OF SUPPLY AND DEMAND IN THE LABOR MARKET IN COAL SINGLE-INDUSTRY TOWNS OF RUSSIA BASED ON THE THEORY OF EQUILIBRIUM; [Моделирование спроса и предложения на рынке труда в угольных моногородах России на основе теории равновесия] 2024 Ugol, nan (2), Art. No. nan, pp. 39-46",Статья
10.47197/RETOS.V52.101547,6,Polevoy,G.,2,"Moscow Polytechnic University, Moscow Aviation Institute",0.08,2024,Effects of 32 weeks of a physical program with a ball on physical qualities in Russian children between 9 and 10 years. Non-randomized quasi-experimental study; [Efectos de 32 semanas de un programa físico con balón sobre las cualidades físicas en niños rusos de entre 9 a 10 años. Estudio cuasiexperimental no aleatorizado],Retos,"Polevoy G., Fuentes-Barría H., Eguía R.A., Sánchez J.M., Garrido-Osorio V., Urbano-Cerda S. Effects of 32 weeks of a physical program with a ball on physical qualities in Russian children between 9 and 10 years. Non-randomized quasi-experimental study; [Efectos de 32 semanas de un programa físico con balón sobre las cualidades físicas en niños rusos de entre 9 a 10 años. Estudio cuasiexperimental no aleatorizado] 2024 Retos, 52 (nan), Art. No. nan, pp. 240-245",Статья
10.24000/0409-2961-2024-2-64-68,3,"Golik, Sharipzyanova","V.I., G.Kh.",2,"NKMMI (GTU), Moscow Polytechnic University, Moscow Polytechnic University",0.5,2024,On the Assessment of Hazard of Leaching of Substandard Raw Materials in Heaps,Bezopasnost' Truda v Promyshlennosti,"Golik V.I., Galachieva S.V., Sharipzyanova G.Kh. On the Assessment of Hazard of Leaching of Substandard Raw Materials in Heaps 2024 Bezopasnost' Truda v Promyshlennosti, 2024 (2), Art. No. nan, pp. 64-68",Статья
10.1080/1536383X.2024.2328239,10,Shchegolkov,A.V.,1,Department of Chemistry,0.1,2024,Innovative multiwall carbon nanotubes synthesis on 3D nickel surface: a comparative study,Fullerenes Nanotubes and Carbon Nanostructures,"Ali I., Chumak M.A., Popov E.O., Filippov S.V., Kolosko A.G., Kaminskii V.V., Shchegolkov A.V., Shchegolkov A.V., Agustiono Kurniawan T., Habila M.A. Innovative multiwall carbon nanotubes synthesis on 3D nickel surface: a comparative study 2024 Fullerenes Nanotubes and Carbon Nanostructures, 32 (8), Art. No. nan, pp. 774-782",Статья
10.1177/0734242X241240042,13,"Moskovskikh, Yudin","D., S.",2,"Science and Research Centre of Functional Nano-Ceramics, Research Laboratory of Scanning Probe Microscopy, Science and Research Centre of Functional Nano-Ceramics, Research Laboratory of Scanning Probe Microscopy",0.08,2024,High-strength gypsum binder with improved water-resistance coefficient derived from industrial wastes,Waste Management and Research,"Kamarou M., Moskovskikh D., Kuskov K., Yudin S., Akinwande A.A., Smorokov A., Özkılıç Y.O., Abdulwahid M.Y., Bhowmik A., Romanovskaia E., Korob N., Paspelau A., Romanovski V. High-strength gypsum binder with improved water-resistance coefficient derived from industrial wastes 2024 Waste Management and Research, nan (nan), Art. No. nan, pp. nan-nan",Статья
10.3329/bjms.v23i1.70758,3,Polevoy,G.G.,1,"Department of Physical Education, Department of Physical Education",0.17,2024,Development of endurance in physical education lessons with the use of outdoor games,Bangladesh Journal of Medical Science,"Polevoy G.G., Sablin A.B., Chernishev S.V. Development of endurance in physical education lessons with the use of outdoor games 2024 Bangladesh Journal of Medical Science, 23 (1), Art. No. nan, pp. 254-261",Статья
10.1007/s13399-024-05440-5,9,Moskovskikh,D.,2,"Science and Research Centre of Functional Nano-Ceramics, Research Laboratory of Scanning Probe Microscopy",0.06,2024,"Ulva rigida–mediated silver nanoparticles: synthesis, characterization, and antibacterial activity",Biomass Conversion and Biorefinery,"Ganeshan A., Periakaruppan R., Science, Vanathi P., Science, Thirumalaisamy S.K., Centre for Interfaces & amp, Nanomaterials, Vijai Selvaraj K.S., Moskovskikh D. Ulva rigida–mediated silver nanoparticles: synthesis, characterization, and antibacterial activity 2024 Biomass Conversion and Biorefinery, nan (nan), Art. No. nan, pp. nan-nan",Статья
,3,Polevoy,G.G.,1,Moscow Polytechnic University,0.33,2024,DEVELOPING THE FLEXIBILITY OF SCHOOLCHILDREN AGED 8-9 IN THE PROCESS OF PHYSICAL EDUCATION,Teoriya i Praktika Fizicheskoy Kultury,"Polevoy G.G., Fuentes Barria H., Aguilera Eguia R. DEVELOPING THE FLEXIBILITY OF SCHOOLCHILDREN AGED 8-9 IN THE PROCESS OF PHYSICAL EDUCATION 2024 Teoriya i Praktika Fizicheskoy Kultury, 2024 (1), Art. No. nan, pp. 82-84",Статья
,5,"Guba, Pleshakov","V.P., A.A.",2,"The Russian University of Sport «GTSOLIFK», Moscow Polytechnic University, Moscow Polytechnic University",0.3,2024,POINT-RATING SYSTEM FOR EVALUATING STUDENTS’ ACTIVITIES DURING THE PROCESS OF MINI-FOOTBALL CLASSES,Teoriya i Praktika Fizicheskoy Kultury,"Guba V.P., Pleshakov A.A., Antipov A.V., Leontyeva M.S., Semenova S.A. POINT-RATING SYSTEM FOR EVALUATING STUDENTS’ ACTIVITIES DURING THE PROCESS OF MINI-FOOTBALL CLASSES 2024 Teoriya i Praktika Fizicheskoy Kultury, 2024 (3), Art. No. nan, pp. 72-74",Статья
10.24000/0409-2961-2024-1-56-60,4,Golik,V.I.,2,"NKMMI (GTU), Moscow Polytechnic University",0.12,2024,Minimization of the Risk of Contamination of Residential Areas with Dust during Open Mining of Ores,Bezopasnost' Truda v Promyshlennosti,"Golik V.I., Dzaparov V.Kh., Liskova M.Yu., Maslennikov S.A. Minimization of the Risk of Contamination of Residential Areas with Dust during Open Mining of Ores 2024 Bezopasnost' Truda v Promyshlennosti, 2024 (1), Art. No. nan, pp. 56-60",Статья
10.47197/RETOS.V52.100959,4,Polevoy,G.,1,Moscow Polytechnic University,0.25,2024,Reference values for 1500-meter run test in Chilean athletes from 35 to 44 years: Cross-sectional study; [Valores de referencia para la prueba de carrera de 1500 metros en atletas chilenos de 35 a 44 años: Estudio transversal],Retos,"Fuentes-Barría H., Aguilera-Eguía R., Polevoy G., Garrido-Osorio V. Reference values for 1500-meter run test in Chilean athletes from 35 to 44 years: Cross-sectional study; [Valores de referencia para la prueba de carrera de 1500 metros en atletas chilenos de 35 a 44 años: Estudio transversal] 2024 Retos, 52 (nan), Art. No. nan, pp. 23-26",Статья
10.1007/s00170-023-12651-z,3,Moskovskikh,D.,2,"Center for Functional Nano-Ceramics, Research Laboratory of Scanning Probe Microscopy",0.17,2024,Enhancing mechanical and damping performance of 3D-printed aluminium-7075 with shape memory high-entropy alloy (SMHEA): parametric optimization and mathematical modeling,International Journal of Advanced Manufacturing Technology,"Akinwande A.A., Moskovskikh D., Romanovski V. Enhancing mechanical and damping performance of 3D-printed aluminium-7075 with shape memory high-entropy alloy (SMHEA): parametric optimization and mathematical modeling 2024 International Journal of Advanced Manufacturing Technology, 130 (1-2), Art. No. nan, pp. 369-383",Статья
